"Path","Platform","Compiled","Cooked","Permutations","Compiletime","CompiledDouble","CookedDouble"
"Globals","0","5314","0","1","0.000000","0","0"
"","0","64","0","1","0.000000","65","0"
"/ControlRig/Controls/ControlRigGizmoMaterial.ControlRigGizmoMaterial","0","2","2","1","7.265255","0","2"
"/Engine/EditorMaterials/PhAT_UnselectedMaterial.PhAT_UnselectedMaterial","0","3","3","1","5.901111","0","3"
"/Engine/EditorMaterials/PhAT_NoCollisionMaterial.PhAT_NoCollisionMaterial","0","3","3","1","2.582345","0","3"
"/Engine/EngineMaterials/RemoveSurfaceMaterial.RemoveSurfaceMaterial","0","2","2","1","5.442962","0","2"
"/Engine/VREditor/TransformGizmo/TranslucentTransformGizmoMaterial.TranslucentTransformGizmoMaterial","0","3","3","1","5.415688","0","3"
"/MeshModelingToolset/Materials/M_DynamicMeshComponentVtxColor.M_DynamicMeshComponentVtxColor","0","15","16","1","39.248608","0","16"
"/Engine/VREditor/TransformGizmo/TransformGizmoMaterial.TransformGizmoMaterial","0","2","2","1","6.572059","0","2"
"/Engine/EngineMaterials/Widget3DPassThrough.Widget3DPassThrough","0","42","44","6","80.492599","0","44"
"/Engine/EngineSky/VolumetricClouds/m_SimpleVolumetricCloud.m_SimpleVolumetricCloud","0","100","100","1","2125.458496","0","100"
"/Engine/EngineSky/M_SimpleSkyDome.M_SimpleSkyDome","0","2","2","1","14.778559","0","2"
"/Game/kool/uste_pildid/lagi2x_Mat.lagi2x_Mat","0","26","27","1","114.438721","0","27"
"/Game/kool/punasedseinad.punasedseinad","0","38","38","1","221.700226","12","62"
"/Engine/EngineMaterials/NaniteHiddenSectionMaterial.NaniteHiddenSectionMaterial","0","24","25","1","64.496078","0","25"
"/Game/kool/uste_pildid/IMG_2182_Mat.IMG_2182_Mat","0","12","12","1","32.650909","0","12"
"/Engine/EngineSky/M_Sky_Panning_Clouds2.M_Sky_Panning_Clouds2","0","2","2","1","6.518863","0","2"
"/InterchangeAssets/gltf/M_Default.M_Default","0","266","280","7","1512.330200","0","280"
"/Game/kool/uste_pildid/IMG_2196_Mat.IMG_2196_Mat","0","12","12","1","32.932095","0","12"
"/Engine/EditorMaterials/Dataflow/DataflowTwoSidedVertexMaterial.DataflowTwoSidedVertexMaterial","0","28","28","1","76.791740","0","28"
"/Game/kool/seinapeegel.seinapeegel","0","12","12","1","29.056667","0","12"
"/Game/kool/seelampmerid.seelampmerid","0","12","12","1","28.117159","0","12"
"/Engine/EditorMaterials/Dataflow/DataflowVertexMaterial.DataflowVertexMaterial","0","24","24","1","56.467705","0","24"
"/Engine/Engine_MI_Shaders/M_Shader_SimpleTranslucent.M_Shader_SimpleTranslucent","0","10","10","1","20.150299","0","10"
"/Game/kool/klaas.klaas","0","18","18","1","90.924416","0","18"
"/Fab/Materials/Standard/M_MS_Srf.M_MS_Srf","0","23","23","1","50.213673","0","23"
"/InterchangeAssets/gltf/M_ClearCoat.M_ClearCoat","0","236","248","6","1097.474243","0","248"
"/Engine/BasicShapes/BasicShapeMaterial.BasicShapeMaterial","0","63","63","1","171.806305","0","63"
"/Engine/EngineMaterials/GizmoMaterial.GizmoMaterial","0","4","4","1","6.593582","0","4"
"/Engine/EngineDebugMaterials/DebugMeshMaterial.DebugMeshMaterial","0","5","5","1","6.686058","0","5"
"/InterchangeAssets/gltf/M_Unlit.M_Unlit","0","84","88","6","147.047089","0","88"
"/HairStrands/Materials/HairMeshesDefaultMaterial.HairMeshesDefaultMaterial","0","57","57","1","133.866516","0","57"
"/HairStrands/Materials/HairDefaultMaterial.HairDefaultMaterial","0","57","57","1","0.000000","0","57"
"/Engine/EngineDebugMaterials/DebugEditorMaterial.DebugEditorMaterial","0","4","4","1","3.961302","0","4"
"/Engine/EditorLandscapeResources/SplineEditorMeshMat.SplineEditorMeshMat","0","8","8","1","18.845320","0","8"
"/Engine/EngineDebugMaterials/M_SimpleUnlitTranslucent.M_SimpleUnlitTranslucent","0","3","3","1","2.630881","0","3"
"/Engine/EditorMaterials/Camera/CineMat.CineMat","0","24","24","1","60.719044","0","24"
"/InterchangeAssets/gltf/M_Sheen.M_Sheen","0","228","232","6","1064.206665","0","232"
"/InterchangeAssets/gltf/M_SpecularGlossiness.M_SpecularGlossiness","0","228","232","6","1254.099731","0","232"
"/InterchangeAssets/gltf/M_Transmission.M_Transmission","0","76","76","2","2092.967529","0","76"
"/SpeedTreeImporter/SpeedTree9/SpeedTreeMaster.SpeedTreeMaster","0","78","80","1","234.396942","0","80"
"/SpeedTreeImporter/SpeedTree9/SpeedTreeBillboardMaster.SpeedTreeBillboardMaster","0","52","54","1","161.160706","0","54"
"/AudioWidgets/AudioMaterialSlate/M_AudioMaterialToggleButton.M_AudioMaterialToggleButton","0","13","13","1","14.412823","0","13"
"/Engine/EngineMaterials/FlattenMaterial_WS_Normal_VT.FlattenMaterial_WS_Normal_VT","0","66","66","2","158.896271","0","66"
"/AudioWidgets/AudioMaterialSlate/M_AudioMaterialKnob.M_AudioMaterialKnob","0","13","13","1","15.849725","0","13"
"/ControlRig/Controls/ControlRigXRayMaterial.ControlRigXRayMaterial","0","7","7","1","7.748888","0","7"
"/AudioWidgets/AudioMaterialSlate/M_AudioMaterialRoundedSlider.M_AudioMaterialRoundedSlider","0","24","25","1","37.477142","0","25"
"/AudioWidgets/AudioMaterialSlate/M_AudioMaterialEnvelope_ADSR.M_AudioMaterialEnvelope_ADSR","0","24","25","1","41.765495","0","25"
"/HairStrands/Materials/HairCardsDefaultMaterial.HairCardsDefaultMaterial","0","89","92","1","195.936005","0","92"
"/Engine/VREditor/SnapGrid/SnapGridMaterial.SnapGridMaterial","0","10","10","1","20.149809","0","10"
"/AudioWidgets/AudioMaterialSlate/M_AudioMaterialMeter.M_AudioMaterialMeter","0","13","13","1","13.428190","0","13"
"/Engine/EngineMaterials/PPM_DefaultCalibrationGrayscale.PPM_DefaultCalibrationGrayscale","0","5","5","1","6.898772","0","5"
"/Engine/EditorMaterials/PreviewShadowIndicatorMaterial.PreviewShadowIndicatorMaterial","0","25","25","1","38.613201","0","25"
"/Engine/EngineMaterials/PhAT_JointLimitMaterial.PhAT_JointLimitMaterial","0","7","7","1","12.995559","0","7"
"/Engine/EngineDebugMaterials/M_VolumeRenderSphereTracePP.M_VolumeRenderSphereTracePP","0","5","5","1","7.263305","0","5"
"/Engine/EngineMaterials/DefaultDeferredDecalMaterial.DefaultDeferredDecalMaterial","0","87","87","1","209.576950","0","87"
"/Engine/EngineMaterials/DefaultPostProcessMaterial.DefaultPostProcessMaterial","0","7","7","1","13.286813","0","7"
"/Engine/EngineMaterials/PPM_DefaultCalibrationColor.PPM_DefaultCalibrationColor","0","5","5","1","3.507044","0","5"
"/Engine/EngineMaterials/EmissiveMeshMaterial.EmissiveMeshMaterial","0","10","10","1","19.672825","0","10"
"/Paper2D/DefaultSpriteMaterial.DefaultSpriteMaterial","0","36","38","2","91.054153","0","38"
"/HairStrands/Materials/HairDebugMaterial.HairDebugMaterial","0","89","92","1","243.557571","0","92"
"/Engine/EngineMaterials/M_InvalidLightmapSettings.M_InvalidLightmapSettings","0","24","24","1","59.682259","0","24"
"/ControlRig/M_Manip.M_Manip","0","7","7","1","7.297074","0","7"
"/Engine/EngineMaterials/FlattenMaterial_VT.FlattenMaterial_VT","0","33","33","1","88.996109","0","33"
"/Engine/EngineMaterials/FlattenMaterial.FlattenMaterial","0","54","54","1","60.550369","0","54"
"/Engine/EngineMaterials/DefaultLightFunctionMaterial.DefaultLightFunctionMaterial","0","25","25","1","32.495789","0","25"
"/Game/kool/parisosad/Steel_-_Satin.Steel_-_Satin","0","12","12","1","25.642815","0","12"
"/Engine/VREditor/TransformGizmo/Xray.Xray","0","12","12","1","0.000000","0","12"
"/Game/plswork/Steel_-_Satin.Steel_-_Satin","0","12","12","1","0.000000","0","12"
"/Engine/VREditor/TransformGizmo/Main.Main","0","3","3","1","2.962228","0","3"
"/Engine/EngineMaterials/DefaultTextMaterialOpaque.DefaultTextMaterialOpaque","0","26","27","1","55.864723","0","27"
"/Engine/EngineMaterials/DefaultMaterial.DefaultMaterial","0","123","123","1","329.568787","0","0"
"/Engine/EngineMaterials/WorldGridMaterial.WorldGridMaterial","0","706","729","1","1106.079956","0","729"
"Globals","49","7909","0","1","0.000000","0","0"
"/ControlRig/Controls/ControlRigGizmoMaterial.ControlRigGizmoMaterial","49","4","4","1","8.616793","0","4"
"","49","64","0","1","0.000000","65","0"
"/MeshModelingToolset/Materials/M_DynamicMeshComponentVtxColor.M_DynamicMeshComponentVtxColor","49","17","18","1","114.333260","0","18"
"/Engine/EngineMaterials/NaniteHiddenSectionMaterial.NaniteHiddenSectionMaterial","49","28","29","1","126.270424","0","29"
"/Engine/EditorMaterials/Dataflow/DataflowTwoSidedVertexMaterial.DataflowTwoSidedVertexMaterial","49","30","30","1","76.454735","0","30"
"/Engine/EditorMaterials/Dataflow/DataflowVertexMaterial.DataflowVertexMaterial","49","26","26","1","45.808865","0","26"
"/Engine/BasicShapes/BasicShapeMaterial.BasicShapeMaterial","49","82","82","1","260.484009","0","82"
"/Engine/EditorMaterials/PhAT_UnselectedMaterial.PhAT_UnselectedMaterial","49","5","5","1","0.000000","0","5"
"/Engine/EditorMaterials/PhAT_NoCollisionMaterial.PhAT_NoCollisionMaterial","49","5","5","1","0.000000","0","5"
"/Engine/EngineMaterials/GizmoMaterial.GizmoMaterial","49","6","6","1","2.937294","0","6"
"/Engine/EngineDebugMaterials/DebugMeshMaterial.DebugMeshMaterial","49","7","7","1","12.475153","0","7"
"/Engine/EngineMaterials/RemoveSurfaceMaterial.RemoveSurfaceMaterial","49","4","4","1","0.000000","0","4"
"/HairStrands/Materials/HairDefaultMaterial.HairDefaultMaterial","49","59","59","1","126.979095","0","59"
"/Engine/EngineDebugMaterials/DebugEditorMaterial.DebugEditorMaterial","49","6","6","1","16.934717","0","6"
"/Engine/EditorLandscapeResources/SplineEditorMeshMat.SplineEditorMeshMat","49","12","12","1","31.583681","0","12"
"/Engine/EngineDebugMaterials/M_SimpleUnlitTranslucent.M_SimpleUnlitTranslucent","49","5","5","1","4.878328","0","5"
"/Engine/EditorMaterials/Camera/CineMat.CineMat","49","26","26","1","42.717735","0","26"
"/Engine/EngineMaterials/WorldGridMaterial.WorldGridMaterial","49","1341","1364","1","3477.690186","0","1364"
"/Engine/VREditor/TransformGizmo/TranslucentTransformGizmoMaterial.TranslucentTransformGizmoMaterial","49","5","5","1","0.000000","0","5"
"/Engine/VREditor/TransformGizmo/Xray.Xray","49","14","14","1","19.916891","0","14"
"/Engine/VREditor/TransformGizmo/Main.Main","49","5","5","1","7.199711","0","5"
"/Engine/EngineMaterials/DefaultTextMaterialOpaque.DefaultTextMaterialOpaque","49","30","31","1","60.659515","0","31"
"/Paper2D/DefaultSpriteMaterial.DefaultSpriteMaterial","49","44","46","2","67.812729","0","46"
"/Engine/EngineMaterials/DefaultLightFunctionMaterial.DefaultLightFunctionMaterial","49","63","63","1","87.321129","0","63"
"/Engine/EngineMaterials/FlattenMaterial_WS_Normal_VT.FlattenMaterial_WS_Normal_VT","49","100","100","2","446.409088","0","100"
"/Engine/EngineMaterials/FlattenMaterial_VT.FlattenMaterial_VT","49","50","50","1","206.511276","0","50"
"/Engine/EngineMaterials/FlattenMaterial.FlattenMaterial","49","71","71","1","200.087708","0","71"
"/Engine/EngineMaterials/M_InvalidLightmapSettings.M_InvalidLightmapSettings","49","28","28","1","63.606926","0","28"
"/Engine/EngineMaterials/EmissiveMeshMaterial.EmissiveMeshMaterial","49","12","12","1","19.704483","0","12"
"/Engine/EngineMaterials/PhAT_JointLimitMaterial.PhAT_JointLimitMaterial","49","9","9","1","7.059892","0","9"
"/ControlRig/M_Manip.M_Manip","49","9","9","1","12.508577","0","9"
"/Engine/VREditor/TransformGizmo/TransformGizmoMaterial.TransformGizmoMaterial","49","4","4","1","0.000000","0","4"
"/Engine/EngineDebugMaterials/M_VolumeRenderSphereTracePP.M_VolumeRenderSphereTracePP","49","5","5","1","7.199275","0","5"
"/Engine/EngineMaterials/Widget3DPassThrough.Widget3DPassThrough","49","58","60","6","35.904236","5","70"
"/HairStrands/Materials/HairDebugMaterial.HairDebugMaterial","49","97","100","1","222.505753","0","100"
"/Engine/EngineMaterials/PPM_DefaultCalibrationColor.PPM_DefaultCalibrationColor","49","5","5","1","5.291057","0","5"
"/Engine/EngineSky/VolumetricClouds/m_SimpleVolumetricCloud.m_SimpleVolumetricCloud","49","100","100","1","0.000000","0","100"
"/Engine/EngineMaterials/DefaultPostProcessMaterial.DefaultPostProcessMaterial","49","7","7","1","39.351597","0","7"
"/Engine/EngineMaterials/DefaultDeferredDecalMaterial.DefaultDeferredDecalMaterial","49","87","87","1","210.451172","0","87"
"/Engine/EngineMaterials/DefaultMaterial.DefaultMaterial","49","127","127","1","235.520370","0","0"
"/Engine/EngineMaterials/PPM_DefaultCalibrationGrayscale.PPM_DefaultCalibrationGrayscale","49","5","5","1","5.822776","0","5"
"/Engine/EditorMaterials/PreviewShadowIndicatorMaterial.PreviewShadowIndicatorMaterial","49","63","63","1","93.193459","0","63"
"/Engine/VREditor/SnapGrid/SnapGridMaterial.SnapGridMaterial","49","12","12","1","12.634457","0","12"
"/AudioWidgets/AudioMaterialSlate/M_AudioMaterialMeter.M_AudioMaterialMeter","49","13","13","1","15.862184","0","13"
"/AudioWidgets/AudioMaterialSlate/M_AudioMaterialRoundedSlider.M_AudioMaterialRoundedSlider","49","26","27","1","52.648464","0","27"
"/AudioWidgets/AudioMaterialSlate/M_AudioMaterialEnvelope_ADSR.M_AudioMaterialEnvelope_ADSR","49","26","27","1","43.266510","0","27"
"/AudioWidgets/AudioMaterialSlate/M_AudioMaterialKnob.M_AudioMaterialKnob","49","13","13","1","18.273796","0","13"
"/AudioWidgets/AudioMaterialSlate/M_AudioMaterialToggleButton.M_AudioMaterialToggleButton","49","13","13","1","16.776855","0","13"
"/ControlRig/Controls/ControlRigXRayMaterial.ControlRigXRayMaterial","49","9","9","1","13.764154","0","9"
"/HairStrands/Materials/HairMeshesDefaultMaterial.HairMeshesDefaultMaterial","49","59","59","1","0.000000","0","59"
"/HairStrands/Materials/HairCardsDefaultMaterial.HairCardsDefaultMaterial","49","97","100","1","198.427124","0","100"
"/Game/kool/punasedseinad.punasedseinad","49","40","40","1","173.873795","44","68"
"/SpeedTreeImporter/SpeedTree9/SpeedTreeBillboardMaster.SpeedTreeBillboardMaster","49","60","62","1","139.799454","0","62"
"/SpeedTreeImporter/SpeedTree9/SpeedTreeMaster.SpeedTreeMaster","49","86","88","1","201.127716","0","88"
"/InterchangeAssets/gltf/M_Default.M_Default","49","304","318","7","947.206604","0","318"
"/InterchangeAssets/gltf/M_Sheen.M_Sheen","49","264","268","6","656.566650","0","268"
"/InterchangeAssets/gltf/M_Transmission.M_Transmission","49","96","96","2","788.749268","0","96"
"/InterchangeAssets/gltf/M_SpecularGlossiness.M_SpecularGlossiness","49","264","268","6","693.989746","0","268"
"/InterchangeAssets/gltf/M_Unlit.M_Unlit","49","178","182","6","725.493408","0","182"
"/InterchangeAssets/gltf/M_ClearCoat.M_ClearCoat","49","272","284","6","746.493835","0","284"
"/Engine/Engine_MI_Shaders/M_Shader_SimpleTranslucent.M_Shader_SimpleTranslucent","49","12","12","1","8.211889","0","12"
"/Game/kool/seelampmerid.seelampmerid","49","14","14","1","22.815691","0","14"
"/Fab/Materials/Standard/M_MS_Srf.M_MS_Srf","49","27","27","1","45.981571","0","27"
"/Game/kool/klaas.klaas","49","24","24","1","66.841278","0","24"
"/Game/kool/seinapeegel.seinapeegel","49","14","14","1","21.784163","0","14"
"/Engine/EngineSky/M_Sky_Panning_Clouds2.M_Sky_Panning_Clouds2","49","4","4","1","7.822617","0","4"
"/Engine/EngineSky/M_SimpleSkyDome.M_SimpleSkyDome","49","4","4","1","0.000000","0","4"
"/Game/kool/uste_pildid/IMG_2196_Mat.IMG_2196_Mat","49","14","14","1","42.316628","0","14"
"/Game/plswork/Steel_-_Satin.Steel_-_Satin","49","14","14","1","0.000000","0","14"
"/Game/kool/uste_pildid/IMG_2182_Mat.IMG_2182_Mat","49","14","14","1","22.579128","0","14"
"/Game/kool/uste_pildid/lagi2x_Mat.lagi2x_Mat","49","30","31","1","0.000000","0","31"
"/Game/kool/parisosad/Steel_-_Satin.Steel_-_Satin","49","14","14","1","0.000000","0","14"
